id,tipo,latitude,longitude,color,the_geom
1,Sucursal,25.53813876,-103.402234,11A579,0101000020E6100000609F8C33BED959C0F5E83676C3893940
2,Sucursal,25.55083543,-103.4341138,11A579,0101000020E6100000BAB23485C8DB59C0FE53FD8C038D3940
3,Sucursal,15.68509359,-96.23901582,11A579,0101000020E61000001B8802094C0F58C09B7F4796C45E2F40
4,Sucursal,16.73849899,-92.6271344,11A579,0101000020E6100000958C52F8222857C0D52D12450EBD3040
5,Sucursal,19.33258444,-96.76433364,11A579,0101000020E610000017C2A4D7EA3058C05FF5FC4024553340
6,Sucursal,18.46473241,-97.38604327,11A579,0101000020E61000006BDFD4EEB45858C05D5706B4F8763240
7,Sucursal,25.53413447,-100.9500906,11A579,0101000020E61000000EDCA248CE3C59C0F9506009BD883940
8,Sucursal,18.9158145,-97.73614792,11A579,0101000020E6100000C75A2A0C1D6F58C0DDB3AED172EA3240
9,Sucursal,19.38735313,-98.98620938,11A579,0101000020E6100000F186F20D1EBF58C06E5A219329633340
10,Sucursal,15.3200529,-92.65742905,11A579,0101000020E61000002F4C4B51132A57C0DCFA44F9DDA32E40
11,Sucursal,17.07735967,-96.71944048,11A579,0101000020E6100000304115500B2E58C0EAADE4D7CD133140
12,Sucursal,15.92244138,-96.17408172,11A579,0101000020E6100000D08EA727240B58C07B278F3C4AD82F40
13,Sucursal,19.42469157,-99.16821421,11A579,0101000020E61000000AAB8805C4CA58C072093496B86C3340
14,Sucursal,21.8568525,-102.2627441,11A579,0101000020E6100000C53A76CCD09059C0EFFE78AF5ADB3540
15,Sucursal,21.87990426,-102.3069856,11A579,0101000020E61000002B59E3A6A59359C0A34FD46741E13540
16,Sucursal,22.30196557,-97.87937894,11A579,0101000020E6100000D5059BBE477858C002AB979D4D4D3640
17,Sucursal,25.47137144,-100.9611941,11A579,0101000020E6100000CE331734843D59C0841177CCAB783940
18,Sucursal,22.0461295,-98.18220519,11A579,0101000020E6100000890DF53FA98B58C07FE19524CF0B3640
19,Sucursal,21.59670798,-88.15952737,11A579,0101000020E6100000E23D49B2350A56C0BB5CABDAC1983540
20,Sucursal,25.69852281,-100.2045321,11A579,0101000020E6100000BF2BA30D170D59C0C4751064D2B23940
21,Sucursal,25.56052287,-103.5135381,11A579,0101000020E61000001A80B2CEDDE059C0604F436D7E8F3940
22,Sucursal,21.48266313,-104.8958328,11A579,0101000020E6100000E3FBE25255395AC0C25596CF8F7B3540
23,Sucursal,25.89434546,-97.49840235,11A579,0101000020E6100000F95FF8D2E55F58C0AD06F6D2F3E43940
24,Sucursal,19.4369536,-100.3604591,11A579,0101000020E6100000CD8FE0C2111759C096DEED30DC6F3340
25,Sucursal,19.04847187,-98.19669174,11A579,0101000020E610000060ACF398968C58C00C6D08A7680C3340
26,Sucursal,21.5442497,-105.2841339,11A579,0101000020E6100000D70BF43F2F525AC09A5BC6F2538B3540
27,Sucursal,20.57476627,-100.3730476,11A579,0101000020E6100000EDFCF402E01759C0717EDCE123933440
28,Sucursal,20.92207565,-89.68714607,11A579,0101000020E6100000658E8233FA6B56C01D3059260DEC3440
29,Sucursal,19.49635586,-98.89254901,11A579,0101000020E6100000BD01E2851FB958C0C2E0792D117F3340
30,Sucursal,20.6769059,-101.3441506,11A579,0101000020E610000085F93C90065659C02DF87EB449AD3440
31,Sucursal,22.52797082,-99.32757731,11A579,0101000020E61000002557D206F7D458C06E247D1829873640
32,Sucursal,18.4555134,-97.39019143,11A579,0101000020E6100000E3C179E5F85858C0C7E3B3869C743240
33,Sucursal,19.88575902,-100.585548,11A579,0101000020E61000003F8F519E792559C07909671AC1E23340
34,Sucursal,22.14492567,-100.9386639,11A579,0101000020E6100000ACD8CA11133C59C03A0045D919253640
35,Sucursal,25.7891092,-99.18274625,11A579,0101000020E6100000DDCD531DB2CB58C005F97E0F03CA3940
36,Sucursal,19.40046739,-99.14457556,11A579,0101000020E61000000F80D9B940C958C01B2AE70785663340
37,Sucursal,19.36108983,-99.09646426,11A579,0101000020E6100000B47B6E782CC658C0A9C41262705C3340
38,Sucursal,20.22173345,-100.8831734,11A579,0101000020E6100000B9BC83E9853859C0E32DFC85C3383440
39,Sucursal,19.70152507,-98.75742836,11A579,0101000020E6100000D4D0CCB479B058C05FF9A02597B33340
40,Sucursal,19.42375107,-102.0483587,11A579,0101000020E61000003288F64E188359C0864B3BF37A6C3340
41,Sucursal,21.07336934,-101.7286842,11A579,0101000020E61000000C14E3C2A26E59C040D44355C8123540
42,Sucursal,19.35464396,-99.07530823,11A579,0101000020E61000000F3E9CD9D1C458C087EC51F2C95A3340
43,Sucursal,20.54506142,-97.46446502,11A579,0101000020E61000004EC27DCBB95D58C019362D25898B3440
44,Sucursal,21.17692286,-86.85001185,11A579,0101000020E6100000993D1A9866B655C0639D09D14A2D3540
45,Sucursal,20.49403316,-100.8223862,11A579,0101000020E610000012F2A4F9A13459C0EC5609F5787E3440
46,Sucursal,24.44437127,-104.119577,11A579,0101000020E61000006CD35426A7075AC097EEC750C2713840
47,Sucursal,19.43759386,-99.13455274,11A579,0101000020E6100000C87818839CC858C062A1B52606703340
48,Sucursal,16.89944443,-99.83541608,11A579,0101000020E6100000C389017577F558C05B6B7BFD41E63040
49,Sucursal,19.56923703,-99.02546367,11A579,0101000020E6100000B6785F32A1C158C0AD859B84B9913340
50,Sucursal,31.30294249,-110.9400346,11A579,0101000020E6100000B8C3EC8629BC5BC06A1E97A38D4D3F40
51,Sucursal,19.27483147,-99.64405048,11A579,0101000020E6100000AE24811F38E958C0C58FEF5A5B463340
52,Sucursal,18.96396584,-99.58799504,11A579,0101000020E6100000A7C0F2B5A1E558C0DC421D77C6F63240
53,Sucursal,28.63991957,-106.0815547,11A579,0101000020E61000001C1F143138855AC06B38D9C4D1A33C40
54,Sucursal,19.19810089,-99.01417198,11A579,0101000020E6100000A7A79731E8C058C0C6DB6BBDB6323340
55,Sucursal,19.16587568,-96.12333875,11A579,0101000020E6100000176536C8E40758C040CD1CD4762A3340
56,Sucursal,19.35848906,-98.97704662,11A579,0101000020E61000004FE48BEE87BE58C07DAC64F0C55B3340
57,Sucursal,20.65440303,-105.2095647,11A579,0101000020E61000005A390F82694D5AC0D940FCF486A73440
58,Sucursal,21.14199243,-98.41934022,11A579,0101000020E610000009B35C78D69A58C02B21AB9D59243540
59,Sucursal,18.81094586,-96.71668463,11A579,0101000020E610000056D93529DE2D58C0CF86DB259ACF3240
60,Sucursal,19.30665769,-99.2099609,11A579,0101000020E610000014BCD7FF6FCD58C0EE9D4D1E814E3340
61,Sucursal,19.42258354,-102.0657197,11A579,0101000020E61000001B8091C0348459C0BF20546F2E6C3340
62,Sucursal,19.02458807,-98.8201937,11A579,0101000020E6100000A878B70D7EB458C092855C674B063340
63,Sucursal,19.56875695,-99.13171897,11A579,0101000020E61000006B1A67156EC858C06A9F330E9A913340
64,Sucursal,22.31168646,-97.88025016,11A579,0101000020E6100000EC5FC404567858C0574E10AFCA4F3640
65,Sucursal,19.35752683,-99.02216859,11A579,0101000020E61000001A43CE356BC158C0E54ADAE0865B3340
66,Sucursal,19.63221323,-99.07375424,11A579,0101000020E6100000722FB463B8C458C0D3F2EAB9D8A13340
67,Sucursal,20.35385562,-102.015217,11A579,0101000020E6100000BF12C450F98059C0E3672B48965A3440
68,Sucursal,19.34285567,-99.016239,11A579,0101000020E6100000DD7A4D0F0AC158C0EEE5A163C5573340
69,Sucursal,20.62581746,-103.2641693,11A579,0101000020E6100000F7562426E8D059C03EF7B39235A03440
70,Sucursal,19.17091106,-96.13303662,11A579,0101000020E6100000810407AC830858C08639C5D3C02B3340
71,Sucursal,25.56678338,-108.4701705,11A579,0101000020E610000027792246171E5BC02F0431B718913940
72,Sucursal,19.19697662,-99.46270283,11A579,0101000020E610000077A754EC9CDD58C004FA4C0F6D323340
73,Sucursal,18.89745996,-98.97145559,11A579,0101000020E6100000402411542CBE58C062AB99EFBFE53240
74,Sucursal,20.59947883,-105.2380716,11A579,0101000020E6100000EA5674903C4F5AC08D7ED17177993440
75,Sucursal,15.21398217,-92.57667194,11A579,0101000020E610000089B46C31E82457C07B272C128F6D2E40
76,Sucursal,30.715549,-112.1491935,11A579,0101000020E6100000DF14DA628C095CC07DAF21382EB73E40
77,Sucursal,19.389154,-102.0702892,11A579,0101000020E6100000A7DD1A9E7F8459C08B1BB7989F633340
78,Sucursal,30.37534356,-109.6929423,11A579,0101000020E61000004C57C92A596C5BC0D7F6FA8316603E40
79,Sucursal,18.321484,-98.84434213,11A579,0101000020E61000000ABF92B309B658C0F02F82C64C523240
80,Sucursal,18.7473472,-96.78529231,11A579,0101000020E61000000550AD3A423258C0D5C1662552BF3240
81,Sucursal,18.02651166,-95.52957407,11A579,0101000020E61000006ADDA38AE4E157C0A5A9D877C9063240
82,Sucursal,32.63395403,-115.4916757,11A579,0101000020E61000001CFC2F9D77DF5CC03A02D96725514040
83,Sucursal,21.02854334,-101.8625095,11A579,0101000020E6100000187C165B337759C090D1C79D4E073540
84,Sucursal,21.24432416,-102.3248092,11A579,0101000020E61000000AE95BACC99459C09BD234078C3E3540
85,Sucursal,20.49501546,-103.3590217,11A579,0101000020E61000009553F135FAD659C0E3B64B55B97E3440
86,Sucursal,20.69388582,-103.2997498,11A579,0101000020E61000007178DE192FD359C0E20E4880A2B13440
87,Sucursal,21.11375844,-101.6728773,11A579,0101000020E6100000216EF36B106B59C0A971EB451F1D3540
88,Sucursal,20.51172125,-100.8144434,11A579,0101000020E61000003DE90AD71F3459C0126BF12900833440
89,Sucursal,16.85888817,-99.87216929,11A579,0101000020E61000000948249FD1F758C040125918E0DB3040
90,Sucursal,23.21300563,-106.4083932,11A579,0101000020E610000044CA051D239A5AC0C1B6768987363740
91,Sucursal,19.5140679,-98.88078839,11A579,0101000020E6100000C76F44D65EB858C0636C32F499833340
92,Sucursal,18.67342917,-99.18557678,11A579,0101000020E6100000CF3F6E7DE0CB58C08A52A5DA65AC3240
93,Sucursal,19.27968536,-99.64219635,11A579,0101000020E61000001437B8BE19E958C0B75EB27599473340
94,Sucursal,16.79767724,-99.38996206,11A579,0101000020E61000005F986D23F5D858C044905A9334CC3040
95,Sucursal,18.0416574,-98.4409587,11A579,0101000020E6100000C0D8D6AA389C58C0EAA2320FAA0A3240
96,Sucursal,18.78235112,-99.2021686,11A579,0101000020E6100000CC519154F0CC58C09463BA2948C83240
97,Sucursal,20.06899721,-97.04662652,11A579,0101000020E6100000AFA1CCEDFB4258C01A7718CDA9113440
98,Sucursal,20.90978729,-89.61962541,11A579,0101000020E61000001EEE55F1A76756C0D1DDE0D1E7E83440
99,Sucursal,23.91812427,-106.8933632,11A579,0101000020E61000009399E2DC2CB95AC05A5031310AEB3740
100,Sucursal,19.95445634,-99.54741899,11A579,0101000020E610000099D0A8E908E358C086C22D4057F43340
101,Sucursal,32.46227541,-116.9117601,11A579,0101000020E61000004616FE465A3A5DC0F5D833D72B3B4040
102,Sucursal,20.67167889,-103.237724,11A579,0101000020E6100000CCE4A3DE36CF59C0ADF6D125F3AB3440
103,Sucursal,25.7450886,-100.3499666,11A579,0101000020E610000087AF44DA651659C0589F6120BEBE3940
104,Sucursal,19.64828997,-98.99792372,11A579,0101000020E61000005F5373FBDDBF58C08E79DB54F6A53340
105,Sucursal,20.98681311,-101.844318,11A579,0101000020E6100000434E884E097659C0CCB6B2C89FFC3440
106,Sucursal,19.33296959,-96.76253558,11A579,0101000020E6100000BB880862CD3058C0CF9CBB7E3D553340
107,Sucursal,19.3238569,-99.66400006,11A579,0101000020E61000007E8F1BFA7EEA58C07D152A49E8523340
108,Sucursal,20.59477524,-103.2440893,11A579,0101000020E61000004F408F289FCF59C04345AC3043983440
109,Sucursal,16.5403632,-92.47276854,11A579,0101000020E61000002C78FAD6411E57C03FF61F3E558A3040
110,Sucursal,28.40997758,-106.8576004,11A579,0101000020E61000001E7FD4ECE2B65AC077316A4AF4683C40
111,Sucursal,26.21753497,-99.48435448,11A579,0101000020E610000059D1EEA9FFDE58C0E7E22D5FB0373A40
112,Sucursal,17.9795758,-92.9295484,11A579,0101000020E6100000258392B87D3B57C0FAF3C87AC5FA3140
113,Sucursal,19.65322044,-96.94450646,11A579,0101000020E6100000E32339CB723C58C0F4E06A7439A73340
114,Sucursal,16.71750495,-99.1226549,11A579,0101000020E61000006E0CF093D9C758C0D6F78667AEB73040
115,Sucursal,20.60281342,-103.4315838,11A579,0101000020E6100000D2AB7D119FDB59C06B7DF4FA519A3440
116,Sucursal,21.87992812,-102.2516023,11A579,0101000020E6100000134393401A9059C0133B22F842E13540
117,Sucursal,19.51716643,-101.6163134,11A579,0101000020E61000006D5297AD716759C06770E70465843340
118,Sucursal,20.93968409,-89.58879987,11A579,0101000020E61000008062A6E5AE6556C01C1FF3228FF03440
119,Sucursal,25.66889424,-100.4630107,11A579,0101000020E6100000E6CF96F7A11D59C0644825A73CAB3940
120,Sucursal,20.66850079,-101.3635992,11A579,0101000020E6100000F4BC7E35455759C0716626DE22AB3440
121,Sucursal,19.05751724,-104.2910187,11A579,0101000020E6100000E7F7050DA0125AC095C12873B90E3340
122,Sucursal,21.10361391,-101.7297578,11A579,0101000020E6100000D6FC195AB46E59C056DCF270861A3540
123,Sucursal,19.68898391,-101.1593617,11A579,0101000020E6100000D12B75FB324A59C093EBE03F61B03340
124,Sucursal,19.26646053,-99.16102171,11A579,0101000020E61000005899002E4ECA58C05B06DEC136443340
125,Sucursal,19.39837685,-102.0565815,11A579,0101000020E6100000DB53CD079F8359C0C63B7606FC653340
126,Sucursal,25.43106316,-101.0283744,11A579,0101000020E61000005A7CF1E2D04159C0DEB5BE275A6E3940
127,Sucursal,19.69649611,-101.1828979,11A579,0101000020E6100000E5464F99B44B59C0C03DAE914DB23340
128,Sucursal,20.48305433,-99.21797223,11A579,0101000020E610000051D2CB41F3CD58C08C8AD572A97B3440
129,Sucursal,29.32950302,-100.9524958,11A579,0101000020E6100000F3A4F1B0F53C59C04FD5564F5A543D40
130,Sucursal,19.31499385,-98.19686489,11A579,0101000020E6100000F611326F998C58C0EE30DC6FA3503340
131,Sucursal,20.50802216,-100.8177029,11A579,0101000020E61000007BDC753E553459C0E1D782BD0D823440
132,Sucursal,19.36903415,-99.75951832,11A579,0101000020E61000003947BAF29BF058C06F5BA505795E3340
133,Sucursal,31.74216871,-106.481562,11A579,0101000020E6100000FD8261E9D19E5AC08490C1C4FEBD3F40
134,Sucursal,19.44225692,-99.15827058,11A579,0101000020E61000003741ED1A21CA58C066D4DFBF37713340
135,Sucursal,31.71905118,-106.5006407,11A579,0101000020E610000015B3147F0AA05AC00E40F6BC13B83F40
136,Sucursal,19.43066154,-99.12348011,11A579,0101000020E6100000048A1E19E7C758C0EBF1ADD53F6E3340
137,Sucursal,32.52412394,-117.0673706,11A579,0101000020E610000039B7A6CC4F445DC0E3AC467E16434040
138,Sucursal,16.87273699,-99.82166001,11A579,0101000020E610000063D8DD1396F458C03A0FFEB06BDF3040
139,Sucursal,19.28544753,-99.13295804,11A579,0101000020E61000009462706282C858C0F012DE1613493340
140,Sucursal,19.40999961,-99.02872067,11A579,0101000020E6100000A197388FD6C158C0A05204BCF5683340
141,Sucursal,19.57505404,-99.23962463,11A579,0101000020E6100000A14A8B0256CF58C0913BD7BD36933340
142,Sucursal,19.29293728,-99.07161359,11A579,0101000020E6100000F2BF2A5195C458C0136105F0FD4A3340
143,Sucursal,19.04702177,-98.09384789,11A579,0101000020E61000005096949A018658C09C59649E090C3340
144,Sucursal,16.85843839,-99.90179362,11A579,0101000020E61000000E6996FCB6F958C04FAE4A9EC2DB3040
145,Sucursal,16.34074095,-94.51782292,11A579,0101000020E61000003BA1BE0224A157C071A884CC3A573040
146,Sucursal,27.49209702,-99.55542351,11A579,0101000020E61000004AB80C0F8CE358C0EB5BFF11FA7D3B40
147,Sucursal,25.58527862,-103.5298975,11A579,0101000020E6100000A3EB3ED7E9E159C0B1F2D3D1D4953940
148,Sucursal,18.0893414,-96.12217445,11A579,0101000020E610000009CAC8B4D10758C0C92DF713DF163240
149,Sucursal,16.23058179,-92.12391003,11A579,0101000020E6100000C59F5524EE0757C0671A7F68073B3040
150,Sucursal,19.16688052,-96.1178197,11A579,0101000020E6100000C594A35B8A0758C04EBD87AEB82A3340
151,Sucursal,19.52189356,-96.86481942,11A579,0101000020E610000020768D33593758C06931FCD09A853340
152,Sucursal,18.37568921,-97.29341362,11A579,0101000020E61000007686EB49C75258C0FB68062B2D603240
153,Sucursal,21.02217098,-101.8557568,11A579,0101000020E6100000364856B8C47659C0300552FFAC053540
154,Sucursal,17.97305547,-92.9841804,11A579,0101000020E61000004FD7C9CFFC3E57C00AD8CC291AF93140
155,Sucursal,20.58076092,-100.4056894,11A579,0101000020E6100000CFDB96D0F61959C0E33166BFAC943440
156,Sucursal,19.48449037,-99.14709791,11A579,0101000020E6100000A3305A0D6AC958C07F60968F077C3340
157,Sucursal,18.9218025,-99.02941531,11A579,0101000020E6100000E99CC0F0E1C158C0FCDEA63FFBEB3240
158,Sucursal,17.99279567,-94.57538893,11A579,0101000020E61000002635172CD3A457C0AA4266DB27FE3140
159,Sucursal,16.39228872,-93.2927366,11A579,0101000020E6100000E7D54A32BC5257C05DFD96086D643040
160,Sucursal,19.40222615,-99.53089394,11A579,0101000020E6100000747C932AFAE158C093D8FF4AF8663340
161,Sucursal,19.51187975,-99.08508254,11A579,0101000020E6100000AEB009FE71C558C012BC218D0A833340
162,Sucursal,20.55214334,-100.4225239,11A579,0101000020E6100000D111AFA10A1B59C014011444598D3440
163,Sucursal,25.6438064,-108.4660327,11A579,0101000020E61000002021B17AD31D5BC09BF4087FD0A43940
164,Sucursal,21.12609756,-101.6920786,11A579,0101000020E6100000F493FF034B6C59C02F4E00EE47203540
165,Sucursal,21.36512229,-97.73436528,11A579,0101000020E6100000BF3A3BD7FF6E58C0339786A7785D3540
166,Sucursal,18.59856914,-98.45734365,11A579,0101000020E610000021F24C1E459D58C0E1B1C0D33B993240
167,Sucursal,19.18563295,-100.1240226,11A579,0101000020E6100000503792FCEF0759C05C4F19A4852F3340
168,Sucursal,19.24931886,-103.743743,11A579,0101000020E61000002375127C99EF59C0DBF95D5CD33F3340
169,Sucursal,22.26991638,-101.9855322,11A579,0101000020E6100000EB09A6F5127F59C035C1683D19453640
170,Sucursal,24.74592749,-107.432646,11A579,0101000020E61000005BF9B878B0DB5AC0C4BC9E1AF5BE3840
171,Sucursal,20.73338529,-100.5005516,11A579,0101000020E610000022C77309092059C0E0EA6B23BFBB3440
172,Sucursal,20.71204764,-103.4528821,11A579,0101000020E610000011E61305FCDC59C076FE0EC148B63440
173,Sucursal,19.24667703,-99.09004416,11A579,0101000020E610000055999448C3C558C04086D039263F3340
174,Sucursal,18.8646452,-97.1128135,11A579,0101000020E610000007431D56384758C0B4A4486359DD3240
175,Sucursal,19.60881381,-99.28763974,11A579,0101000020E61000001E1583B068D258C09C4DCB38DB9B3340
176,Sucursal,17.64746335,-101.5672183,11A579,0101000020E610000073FF264E4D6459C0CD9B7928C0A53140
177,Sucursal,19.79334423,-97.32876987,11A579,0101000020E6100000DAE3C7900A5558C0FF51829B18CB3340
178,Sucursal,19.45999541,-99.24681955,11A579,0101000020E6100000DCD039E4CBCF58C097425A42C2753340
179,Sucursal,21.03706731,-101.8737778,11A579,0101000020E610000040B1E3F9EB7759C06133443E7D093540
180,Sucursal,28.7258498,-106.1222426,11A579,0101000020E6100000BB81C0D2D2875AC0E3CEE04AD1B93C40
181,Sucursal,19.39953228,-99.03603207,11A579,0101000020E6100000769074594EC258C0DB4B5CBF47663340
182,Sucursal,19.66537042,-99.08221671,11A579,0101000020E61000009F28E00943C558C033A041B755AA3340
183,Sucursal,19.04097593,-98.18773812,11A579,0101000020E61000003467BFE6038C58C0EF4507667D0A3340
184,Sucursal,21.02499953,-89.6236715,11A579,0101000020E6100000A0FCDD3BEA6756C0EFC3835E66063540
185,Sucursal,20.67781833,-105.2485326,11A579,0101000020E61000003C4C1CF5E74F5AC0B6FA878085AD3440
186,Sucursal,25.61261164,-100.1519255,11A579,0101000020E61000003338C625B90959C0EDF2CE1DD49C3940
187,Sucursal,18.10146142,-94.45629221,11A579,0101000020E6100000A7D73DE4339D57C0AAB42860F9193240
188,Sucursal,19.35713537,-99.11879142,11A579,0101000020E610000081FC53479AC758C016653E396D5B3340
189,Sucursal,19.51991791,-102.4141258,11A579,0101000020E61000002CA55F09819A59C0FF0D145719853340
190,Sucursal,25.76378947,-100.3220892,11A579,0101000020E6100000620C301C9D1459C0DEADEAB487C33940
191,Sucursal,19.06460024,-98.31962335,11A579,0101000020E61000006ED27EB5749458C01F1D2EA489103340
192,Sucursal,20.58662596,-100.3929967,11A579,0101000020E610000075F5B6DB261959C0422F711E2D963440
193,Sucursal,19.24803834,-103.6996161,11A579,0101000020E6100000E2C9B082C6EC59C04274CE707F3F3340
194,Sucursal,17.66161716,-93.4813969,11A579,0101000020E61000005579F134CF5E57C022AC00BE5FA93140
195,Sucursal,19.41654537,-99.07373232,11A579,0101000020E6100000BAC3C307B8C458C04273A5B7A26A3340
196,Sucursal,18.47513755,-97.39457018,11A579,0101000020E6100000EBC448A3405958C0005A4E9DA2793240
197,Sucursal,26.98643538,-109.6535632,11A579,0101000020E6100000828493FAD3695BC0A3B7700787FC3A40
198,Sucursal,20.67797708,-105.2477344,11A579,0101000020E610000040C957E1DA4F5AC09F09EAE78FAD3440
199,Sucursal,25.67818101,-100.4031195,11A579,0101000020E6100000324590B5CC1959C0DFB74A459DAD3940
200,Sucursal,19.60180162,-99.05406399,11A579,0101000020E61000003E3CCFC875C358C06F94C4AB0F9A3340
201,Sucursal,19.07779506,-98.23896438,11A579,0101000020E6100000924041314B8F58C0887D8660EA133340
202,Sucursal,19.57519796,-101.8089842,11A579,0101000020E6100000A68B7F65C67359C009ED6A2C40933340
203,Sucursal,16.60922358,-98.97817557,11A579,0101000020E61000005BB9B46D9ABE58C0520D9813F69B3040
204,Sucursal,31.31387796,-109.5485837,11A579,0101000020E610000099A7CEFE1B635BC09C22554E5A503F40
205,Sucursal,19.8893658,-99.14299306,11A579,0101000020E610000051105DCC26C958C04E2E217AADE33340
206,Sucursal,19.08946834,-102.3653379,11A579,0101000020E6100000521F37B2619759C0D153AA65E7163340
207,Sucursal,19.43513657,-99.16318845,11A579,0101000020E610000070F5F7AD71CA58C09171391C656F3340
208,Sucursal,20.90014811,-105.4110406,11A579,0101000020E610000001953B7D4E5A5AC09701461B70E63440
209,Sucursal,18.06992249,-96.11166025,11A579,0101000020E6100000D8800871250758C00DCEB770E6113240
210,Sucursal,19.68795589,-98.97566343,11A579,0101000020E610000034F0064571BE58C0FDA390E01DB03340
211,Sucursal,25.75643667,-102.9898581,11A579,0101000020E61000001F45DFD559BF59C0282567D5A5C13940
212,Sucursal,21.12913343,-86.83592637,11A579,0101000020E6100000E54051D17FB555C099AB72E30E213540
213,Sucursal,30.04841638,-115.7405494,11A579,0101000020E610000031FE642965EF5CC0D2B01004650C3E40
214,Sucursal,22.22880913,-102.3244718,11A579,0101000020E6100000221B6925C49459C04F60323C933A3640
215,Sucursal,19.37266162,-99.12991023,11A579,0101000020E61000000351FF7250C858C0D75F7EC0665F3340
216,Sucursal,19.66256739,-99.19042,11A579,0101000020E610000046205ED72FCC58C0327237049EA93340
217,Sucursal,19.33364205,-99.03331156,11A579,0101000020E6100000D731CFC621C258C00652BD9069553340
218,Sucursal,17.78117498,-92.61479877,11A579,0101000020E610000058B1F0DC582757C0AF8D5F15FBC73140
219,Sucursal,17.57445948,-99.39739614,11A579,0101000020E6100000D33638F06ED958C0287AC7C60F933140
220,Sucursal,20.45469567,-97.73402462,11A579,0101000020E6100000F7566642FA6E58C0664878EF66743440
221,Sucursal,21.43649542,-102.5759619,11A579,0101000020E6100000EE95378FDCA459C0F8C0F129BE6F3540
222,Sucursal,20.54719574,-100.7822551,11A579,0101000020E61000007E2BA777103259C07ECF1F05158C3440
223,Sucursal,24.02158147,-104.6737446,11A579,0101000020E61000000BFAA0A11E2B5AC080D9FB5C86053840
224,Sucursal,31.29122129,-110.9576689,11A579,0101000020E61000007B6CAA724ABD5BC0ED727C7A8D4A3F40
225,Sucursal,20.09137666,-98.35705167,11A579,0101000020E610000076683FEFD99658C05651F67564173440
226,Sucursal,21.36820873,-101.9307613,11A579,0101000020E6100000EB7EC297917B59C0A27365ED425E3540
227,Sucursal,20.61553402,-100.4100827,11A579,0101000020E610000063D06CCB3E1A59C0B47935A3939D3440
228,Sucursal,19.50784798,-101.6133094,11A579,0101000020E61000002F25DC75406759C08E70415302823340
229,Sucursal,32.60837778,-115.3996271,11A579,0101000020E6100000E102967D93D95CC0465BB652DF4D4040
230,Sucursal,25.4518225,-100.979553,11A579,0101000020E61000000E2331FFB03E59C0D318ADA3AA733940
231,Sucursal,16.85842792,-99.90179511,11A579,0101000020E61000002249D602B7F958C0915FA2EEC1DB3040
232,Sucursal,19.38905618,-99.21394842,11A579,0101000020E610000093BBB654B1CD58C01D68912F99633340
233,Sucursal,19.8979166,-88.80839986,11A579,0101000020E61000009F32C4D2BC3356C01889BFDCDDE53340
234,Sucursal,16.48957785,-95.15291484,11A579,0101000020E6100000E037535BC9C957C0939856F9547D3040
235,Sucursal,20.83217242,-89.19052187,11A579,0101000020E6100000A834A482314C56C07E88704009D53440
236,Sucursal,19.46874829,-99.05181965,11A579,0101000020E610000092825D0351C358C01E9B4FE3FF773340
237,Sucursal,16.99545989,-92.89574367,11A579,0101000020E6100000F00F42DD533957C09E079875D6FE3040
238,Sucursal,23.2529563,-106.4115134,11A579,0101000020E61000008407173C569A5AC032D17BBEC1403740
239,Sucursal,20.09349619,-98.74161493,11A579,0101000020E6100000D2A4779E76AF58C0C159C65DEF173440
240,Sucursal,20.62121926,-88.41452835,11A579,0101000020E6100000F3A0EAA1871A56C06758B539089F3440
241,Sucursal,25.86531447,-97.56587312,11A579,0101000020E61000007905E443376458C0D467C53F85DD3940
242,Sucursal,32.46820696,-116.9701048,11A579,0101000020E610000036794632163E5DC0D47AA634EE3B4040
243,Sucursal,19.29955831,-99.10612598,11A579,0101000020E6100000C8569FC4CAC658C0EDB178DAAF4C3340
244,Sucursal,21.16324684,-98.66686629,11A579,0101000020E6100000B696F2EFADAA58C0B0F97E8BCA293540
245,Sucursal,19.41430818,-99.14612525,11A579,0101000020E6100000AB77B81D5AC958C0B690D319106A3340
246,Sucursal,19.59221135,-99.74541521,11A579,0101000020E61000000639FFE1B4EF58C0EC91BC299B973340
247,Sucursal,29.06714571,-110.9578569,11A579,0101000020E61000006D691C874DBD5BC04684147630113D40
248,Sucursal,31.65006188,-106.4007584,11A579,0101000020E610000001239A06A6995AC0EDF992746AA63F40
249,Sucursal,25.63554562,-100.0890013,11A579,0101000020E610000066834C32B20559C01B04251EB3A23940
250,Sucursal,19.32164411,-99.10720882,11A579,0101000020E610000089EF6182DCC658C0AA66B54457523340
251,Sucursal,19.37978798,-99.11882984,11A579,0101000020E6100000B12579E89AC758C08F83F9C839613340
252,Sucursal,22.06510251,-98.56615001,11A579,0101000020E6100000206540CD3BA458C06756DF8EAA103640
253,Sucursal,32.4808037,-116.9164721,11A579,0101000020E6100000AD9C627AA73A5DC0DDA5C3F98A3D4040
254,Sucursal,20.28905646,-103.4292178,11A579,0101000020E61000008DFDD94D78DB59C0C565AA9AFF493440
255,Sucursal,22.02562462,-99.02386639,11A579,0101000020E61000008221E50687C158C057DFC8558F063640
256,Sucursal,22.32318255,-97.8820122,11A579,0101000020E6100000126B4CE3727858C04CE37217BC523640
257,Sucursal,21.86988239,-102.2977643,11A579,0101000020E61000001621E9910E9359C0946AC09CB0DE3540
258,Sucursal,16.95576575,-96.75514158,11A579,0101000020E6100000C97C593D543058C00DE36E10ADF43040
259,Sucursal,20.51135284,-100.8079044,11A579,0101000020E6100000DA12A8B4B43359C048840C05E8823440
260,Sucursal,20.63574839,-103.2842568,11A579,0101000020E61000007CF7434331D259C0DF880F68C0A23440
261,Sucursal,21.14788971,-98.40449362,11A579,0101000020E6100000CD553539E39958C06CDD9B19DC253540
262,Sucursal,17.06106031,-96.7344214,11A579,0101000020E6100000E29E9DC2002F58C09B8802A6A10F3140
263,Sucursal,20.73160313,-103.3523029,11A579,0101000020E6100000152F81218CD659C05100BD574ABB3440
264,Sucursal,19.07144817,-98.16646836,11A579,0101000020E61000003381E86AA78A58C05182616D4A123340
265,Sucursal,20.55088989,-103.3433104,11A579,0101000020E6100000545B24CCF8D559C03E3FAD1E078D3440
266,Sucursal,19.83719806,-90.50241069,11A579,0101000020E61000007EAD2A7F27A056C082F9AF9C52D63340
267,Sucursal,19.41492938,-98.88442293,11A579,0101000020E6100000AE0BA2629AB858C0E33FD5CF386A3340
268,Sucursal,19.38602467,-99.13115412,11A579,0101000020E6100000AF0840D464C858C065194583D2623340
269,Sucursal,25.53635139,-103.4007919,11A579,0101000020E6100000E37C1C93A6D959C0D2361F534E893940
270,Sucursal,23.22759271,-102.8428637,11A579,0101000020E6100000DB5BA17AF1B559C00D420E84433A3740
271,Sucursal,19.26976506,-98.89761214,11A579,0101000020E6100000BA72307A72B958C0B14DAE520F453340
272,Sucursal,23.27019,-106.4539754,11A579,0101000020E6100000D8C8E0EE0D9D5AC0CCB4FD2B2B453740
273,Sucursal,18.81595643,-98.95322311,11A579,0101000020E610000073CF809B01BD58C098CF4585E2D03240
274,Sucursal,22.31587538,-97.85052386,11A579,0101000020E6100000BBCAA0FB6E7658C02AB67A35DD503640
275,Sucursal,20.5185067,-100.8233994,11A579,0101000020E610000063295093B23459C0C341E7DABC843440
276,Sucursal,22.16001878,-100.9758881,11A579,0101000020E6100000000A47F3743E59C088D8A2FDF6283640
277,Sucursal,16.76782441,-93.38089142,11A579,0101000020E6100000870E6886605857C03F05FA2390C43040
278,Sucursal,32.52794248,-117.0174472,11A579,0101000020E610000023AAA6DA1D415DC073E2829E93434040
279,Sucursal,18.13542864,-96.90663446,11A579,0101000020E61000001BC88A4C063A58C0E4BD8B73AB223240
280,Sucursal,19.76199243,-97.24568949,11A579,0101000020E610000057216960B94F58C04AA696EF11C33340
281,Sucursal,19.55504457,-99.60806435,11A579,0101000020E61000004447BC86EAE658C0EEF8A366178E3340
282,Sucursal,22.10644947,-100.8904555,11A579,0101000020E6100000FE050639FD3859C09853C045401B3640
283,Sucursal,22.76786407,-102.5147308,11A579,0101000020E61000009C0F7459F1A059C0686C5CBD92C43640
284,Sucursal,20.67859417,-103.3623906,11A579,0101000020E61000002ED8576831D759C00168F758B8AD3440
285,Sucursal,18.45448375,-96.35838123,11A579,0101000020E61000006B96D3B7EF1658C03ED00A0C59743240
286,Sucursal,25.70009249,-100.2921763,11A579,0101000020E61000006C074404B31259C0A7B9EC4239B33940
287,Sucursal,20.6748742,-101.3453709,11A579,0101000020E61000007B12B78E1A5659C007EA398EC4AC3440
288,Sucursal,20.48139086,-105.2935455,11A579,0101000020E6100000F28B3B73C9525AC0174B706E3C7B3440
289,Sucursal,19.39716608,-99.13721609,11A579,0101000020E61000003DC2FE25C8C858C037AE1CADAC653340
290,Sucursal,21.14508898,-98.40767705,11A579,0101000020E61000001B457B61179A58C0291C288D24253540
291,Sucursal,28.74341793,-106.1356987,11A579,0101000020E6100000E8B36E49AF885AC02A9C30A350BE3C40
292,Sucursal,19.6706818,-99.19871727,11A579,0101000020E61000003AF3A3C8B7CC58C0BD056DCDB1AB3340
293,Sucursal,18.38193113,-97.26637212,11A579,0101000020E6100000D6FDA53D0C5158C0A1AC103DC6613240
294,Sucursal,19.17256773,-96.12698164,11A579,0101000020E610000084BF9977200858C0E9B114662D2C3340
295,Sucursal,20.62261158,-100.417051,11A579,0101000020E610000002C177F6B01A59C0FD35F678639F3440
296,Sucursal,19.46442177,-99.16940512,11A579,0101000020E6100000328B9288D7CA58C050B35958E4763340
297,Sucursal,20.72381976,-103.3648944,11A579,0101000020E61000004069EA6D5AD759C0096675404CB93440
298,Sucursal,18.59909594,-103.5047007,11A579,0101000020E6100000F3ED34044DE059C06577FD595E993240
299,Sucursal,21.14464962,-101.6836164,11A579,0101000020E6100000D083F55EC06B59C06147EBC107253540
300,Sucursal,19.7086341,-98.45219636,11A579,0101000020E61000007F6400C9F09C58C095545C0B69B53340
301,Sucursal,19.28776322,-98.43147542,11A579,0101000020E6100000627B144B9D9B58C043E4B2D9AA493340
302,Sucursal,19.41690215,-99.16557926,11A579,0101000020E610000023A6C0D998CA58C0D0E16B19BA6A3340
303,Sucursal,19.29676246,-98.83624625,11A579,0101000020E6100000C5C9FD0E85B558C06961E49FF84B3340
304,Sucursal,32.58940219,-115.3941913,11A579,0101000020E61000005034306E3AD95CC0D21EED87714B4040
305,Sucursal,17.86293296,-91.78164931,11A579,0101000020E610000006D9D38A06F256C029D7A92CE9DC3140
306,Sucursal,20.56237815,-100.3962899,11A579,0101000020E6100000D3CB5AD05C1959C0283CB203F88F3440
307,Sucursal,19.12383254,-96.12020506,11A579,0101000020E6100000E1609070B10758C0097B457DB31F3340
308,Sucursal,21.41077285,-103.1168862,11A579,0101000020E6100000DCD936107BC759C0B0D5D46828693540
309,Sucursal,20.6313817,-103.2552659,11A579,0101000020E61000006655BE4656D059C0FACA283BA2A13440
310,Sucursal,19.7142353,-99.2241936,11A579,0101000020E61000003DFE1C3059CE58C01426E71FD8B63340
311,Sucursal,19.24659211,-98.88289097,11A579,0101000020E61000005C85204981B858C0D2E617A9203F3340
312,Sucursal,32.51388122,-116.8708597,11A579,0101000020E61000001AFD472ABC375DC0DCF61CDCC6414040
313,Sucursal,19.7052896,-101.1654705,11A579,0101000020E61000001870BF11974A59C07C35F6DB8DB43340
314,Sucursal,20.07279097,-98.39159252,11A579,0101000020E610000087B012DA0F9958C01898D36DA2123440
315,Sucursal,21.88529491,-102.2967622,11A579,0101000020E610000019ECE126FE9259C0E8C3EDAFA2E23540
316,Sucursal,22.11947393,-100.9282549,11A579,0101000020E610000012F05287683B59C01913EED7951E3640
317,Sucursal,20.37622429,-99.98740183,11A579,0101000020E610000013F7719731FF58C0C5822D3C50603440
318,Sucursal,21.13177312,-101.6909944,11A579,0101000020E61000005DA4B340396C59C052E418E2BB213540
319,Sucursal,19.67581404,-99.02547309,11A579,0101000020E6100000991EE259A1C158C046FA1F2602AD3340
320,Sucursal,19.43791637,-99.13506191,11A579,0101000020E6100000A998B5DAA4C858C0758887491B703340
321,Sucursal,19.92232087,-103.0169342,11A579,0101000020E61000005445447315C159C07A1175381DEC3340
322,Sucursal,22.76980794,-102.5899986,11A579,0101000020E61000001C2F7289C2A559C04A80162212C53640
323,Sucursal,24.97080899,-106.9660438,11A579,0101000020E6100000732355A9D3BD5AC079B61EF086F83840
324,Sucursal,20.56521135,-97.43725229,11A579,0101000020E6100000AC6907F1FB5B58C0F893E7B0B1903440
325,Sucursal,23.73237827,-99.1689633,11A579,0101000020E610000059EE714BD0CA58C079F36D247DBB3740
326,Sucursal,16.34463627,-98.0603198,11A579,0101000020E610000048139447DC8358C059AA24153A583040
327,Sucursal,16.43542748,-95.01438225,11A579,0101000020E6100000255987A3EBC057C03461E22C786F3040
328,Sucursal,26.93017869,-105.6539025,11A579,0101000020E6100000AB54D489D9695AC073FCCC3020EE3A40
329,Sucursal,16.30357133,-96.64399406,11A579,0101000020E61000002BA1DC32372958C06D5AC6D9B64D3040
330,Sucursal,16.92303166,-99.81570657,11A579,0101000020E61000001252548934F458C062DF88CD4BEC3040
331,Sucursal,19.68673319,-98.9747292,11A579,0101000020E6100000331D95F661BE58C0B52010BFCDAF3340
332,Sucursal,19.430345,-102.0162963,11A579,0101000020E6100000EEE2A2FF0A8159C044FF04172B6E3340
333,Sucursal,20.38021841,-104.819752,11A579,0101000020E61000004305E2D076345AC0814964FE55613440
334,Sucursal,19.36077217,-99.22748852,11A579,0101000020E61000006367022C8FCE58C0FB749F905B5C3340
335,Sucursal,26.08246224,-98.2863137,11A579,0101000020E61000006479B2F6529258C075F4CF3E1C153A40
336,Sucursal,32.61005607,-115.3773357,11A579,0101000020E6100000780A984426D85CC02AB03A51164E4040
337,Sucursal,19.64256866,-98.99043065,11A579,0101000020E61000002FAD3C3763BF58C0712234617FA43340
338,Sucursal,24.78145252,-107.4124624,11A579,0101000020E610000070EBD1C865DA5AC0DBC6B8450DC83840
339,Sucursal,19.83823395,-90.50456824,11A579,0101000020E61000009E5996D84AA056C09BA5098096D63340
340,Sucursal,17.20646271,-96.79620366,11A579,0101000020E6100000F4293200F53258C0254B7BBDDA343140
341,Sucursal,20.46025715,-98.07859385,11A579,0101000020E6100000ACDA7FAE078558C00B009F69D3753440
342,Sucursal,19.71086931,-101.2281997,11A579,0101000020E61000007860DFD29A4E59C01A2EF687FBB53340
343,Sucursal,19.39239977,-99.09885001,11A579,0101000020E6100000320AFE8E53C658C0A11BB34F74643340
344,Sucursal,19.57334436,-99.02199098,11A579,0101000020E61000000CFADA4C68C158C0CA8B2BB2C6923340
345,Sucursal,19.44563108,-99.11338198,11A579,0101000020E610000091037EA641C758C060AEE2E014723340
346,Sucursal,28.6369861,-106.0713118,11A579,0101000020E610000030F1685F90845AC0B181638511A33C40
347,Sucursal,31.71239812,-106.5200045,11A579,0101000020E610000091A1BEC047A15AC0C32123B95FB63F40
348,Sucursal,18.35557506,-102.2900651,11A579,0101000020E6100000D7C3556D909259C026F995F7065B3240
349,Sucursal,19.69637811,-101.1943774,11A579,0101000020E6100000A98BD2AD704C59C0AD19F8D545B23340
350,Sucursal,25.64818111,-100.2132319,11A579,0101000020E6100000CC8D3397A50D59C0C1557D32EFA53940
351,Sucursal,19.58223566,-102.4693254,11A579,0101000020E61000008A183C6D099E59C0D5436E650D953340
352,Sucursal,23.17586934,-102.8688954,11A579,0101000020E61000000C667EFB9BB759C04AABE7C5052D3740
353,Sucursal,18.80239896,-96.06115948,11A579,0101000020E61000002F9C7309EA0358C05F8BAB046ACD3240
354,Sucursal,20.8454378,-86.87780624,11A579,0101000020E6100000954139FA2DB855C05CCD959C6ED83440
355,Sucursal,17.2035807,-100.4363763,11A579,0101000020E610000015430797ED1B59C0C79860DD1D343140
356,Sucursal,20.6833552,-103.3460976,11A579,0101000020E6100000C9D4767626D659C0328DCB5DF0AE3440
357,Sucursal,20.68161114,-103.3681723,11A579,0101000020E61000001829AD2290D759C0A8E352117EAE3440
358,Sucursal,19.68476443,-98.9675114,11A579,0101000020E61000007660EFB4EBBD58C06850C0B84CAF3340
359,Sucursal,19.30708823,-99.07978611,11A579,0101000020E6100000014833371BC558C027D690559D4E3340
360,Sucursal,25.66272481,-100.4042224,11A579,0101000020E6100000E213A1C7DE1959C0A4324955A8A93940
361,Sucursal,17.97799341,-92.93892809,11A579,0101000020E610000021F6D765173C57C04DA7AFC65DFA3140
362,Sucursal,17.09605088,-96.7414038,11A579,0101000020E61000005488EC28732F58C01E5A5CCA96183140
363,Sucursal,19.41564631,-98.12721275,11A579,0101000020E61000009738F240248858C03027ECCB676A3340
364,Sucursal,18.50172003,-89.39416261,11A579,0101000020E610000062D0CFF5395956C0209950B970803240
365,Sucursal,19.51509867,-101.6037258,11A579,0101000020E610000035A3B471A36659C0F4DCA581DD833340
366,Sucursal,19.23860134,-103.710907,11A579,0101000020E6100000F12FDD7F7FED59C0EF1438FA143D3340
367,Sucursal,19.29447393,-97.34787411,11A579,0101000020E6100000CF64C591435658C0E5DFBAA4624B3340
368,Sucursal,25.68500415,-100.2370556,11A579,0101000020E61000003D6215EB2B0F59C0D1DF956E5CAF3940
369,Sucursal,16.84791096,-99.84995729,11A579,0101000020E6100000FFE242B365F658C0B61E53B110D93040
370,Sucursal,32.60837743,-115.3907283,11A579,0101000020E6100000AC941AB101D95CC0BDBCC64FDF4D4040
371,Sucursal,19.36112028,-99.350902,11A579,0101000020E61000007786A92D75D658C0BA85F060725C3340
372,Sucursal,19.3997412,-99.16603574,11A579,0101000020E610000019515E54A0CA58C021DD747055663340
373,Sucursal,19.61047613,-99.24155821,11A579,0101000020E6100000F00191B075CF58C0B156E529489C3340
374,Sucursal,20.66911529,-87.10942467,11A579,0101000020E6100000A3C154D000C755C0B6CDBF234BAB3440
375,Sucursal,18.15519001,-100.5025311,11A579,0101000020E61000005F3EFE77292059C0AC9D5188BA273240
376,Sucursal,25.8224541,-100.1100171,11A579,0101000020E61000009B193F850A0759C00CF6155A8CD23940
377,Sucursal,19.1601855,-96.12042479,11A579,0101000020E61000005FAB2D0AB50758C01DCBBBEA01293340
378,Sucursal,32.28838589,-115.1049342,11A579,0101000020E61000002E850F3EB7C65CC0C4162FD4E9244040
379,Sucursal,18.85103224,-97.10594569,11A579,0101000020E6100000F06C6ED0C74658C041A4B63FDDD93240
380,Sucursal,20.39301349,-101.1795867,11A579,0101000020E61000008A4C4C597E4B59C0D46F36889C643440
381,Sucursal,19.50227314,-99.25255843,11A579,0101000020E6100000764BD5EA29D058C090F5F5F894803340
382,Sucursal,18.99877139,-98.21330731,11A579,0101000020E6100000A81CB4D3A68D58C0003B587BAFFF3240
383,Sucursal,20.69927063,-103.38569,11A579,0101000020E6100000CA923125AFD859C040E7666603B33440
384,Sucursal,20.52607199,-97.45995299,11A579,0101000020E6100000D66FAADE6F5D58C0426468A7AC863440
385,Sucursal,19.42355462,-99.11073225,11A579,0101000020E61000003317B83C16C758C03FF858136E6C3340
386,Sucursal,24.40195782,-104.3183255,11A579,0101000020E610000005F215725F145AC07E452BB5E6663840
387,Sucursal,18.17376293,-93.57027909,11A579,0101000020E61000002149DE737F6457C06D9B35BA7B2C3240
388,Sucursal,19.71576414,-101.215881,11A579,0101000020E6100000DDC15FFED04D59C017F394513CB73340
389,Sucursal,19.93922541,-97.95966076,11A579,0101000020E610000017DDF6146B7D58C0AE85931371F03340
390,Sucursal,20.73043076,-103.3895371,11A579,0101000020E61000005F7B242DEED859C04331A282FDBA3440
391,Sucursal,18.84714674,-99.22307565,11A579,0101000020E61000002C5217DF46CE58C08836D79BDED83240
392,Sucursal,29.32709414,-100.9681455,11A579,0101000020E61000005E04B618F63D59C064030A71BC533D40
393,Sucursal,21.13098304,-101.6472816,11A579,0101000020E61000007BC6F80F6D6959C07321C11A88213540
394,Sucursal,25.67962101,-100.2626307,11A579,0101000020E6100000AE61E9F0CE1059C0DF9F7BA4FBAD3940
395,Sucursal,20.52409906,-100.7987098,11A579,0101000020E6100000A97FB50F1E3359C07990225B2B863440
396,Sucursal,19.05479336,-98.76966305,11A579,0101000020E6100000232CCF2842B158C0EB3C09F0060E3340
397,Sucursal,17.20409243,-100.435316,11A579,0101000020E6100000751E9937DC1B59C00F36C8663F343140
398,Sucursal,19.75184319,-101.1977016,11A579,0101000020E61000005DA47124A74C59C033C598CB78C03340
399,Sucursal,19.27948825,-99.24134879,11A579,0101000020E6100000ABFE314272CF58C0C45DBD8A8C473340
400,Sucursal,19.63806231,-99.10367192,11A579,0101000020E6100000777A8C8FA2C658C09D42320D58A33340
401,Sucursal,19.38359266,-99.25091028,11A579,0101000020E610000022B5FDE90ED058C087AFE92033623340
402,Sucursal,19.41115047,-99.12609537,11A579,0101000020E6100000EE9450F211C858C091623E2841693340
403,Sucursal,20.52617044,-100.8165669,11A579,0101000020E6100000DE92FBA1423459C004EC1F1BB3863440
404,Sucursal,27.95862067,-111.0403114,11A579,0101000020E6100000DE36197694C25BC06BEB0A2A68F53B40
405,Sucursal,20.42949481,-101.7248334,11A579,0101000020E610000038F6CBAB636E59C072C0325FF36D3440
406,Sucursal,19.50988856,-99.19871871,11A579,0101000020E61000006923AECEB7CC58C0F6CD810E88823340
407,Sucursal,26.91420577,-101.4003867,11A579,0101000020E610000052E053EF9F5959C0E9F6AB6309EA3A40
408,Sucursal,18.60703191,-90.74839074,11A579,0101000020E6100000793B46A2E5AF56C013147971669B3240
409,Sucursal,15.78996857,-96.15450295,11A579,0101000020E6100000AC585760E30958C02809AAC276942F40
410,Sucursal,17.57411526,-98.36936347,11A579,0101000020E61000002CFFADA6A39758C0A4D5B937F9923140
411,Sucursal,19.5335451,-99.24268896,11A579,0101000020E61000003793463788CF58C0E970636996883340
412,Sucursal,19.34058496,-99.23330411,11A579,0101000020E61000003C9E5C74EECE58C0A0B5709330573340
413,Sucursal,19.05833896,-102.3296925,11A579,0101000020E6100000B1C8A7AE199559C05C48554DEF0E3340
414,Sucursal,18.85230734,-99.17686096,11A579,0101000020E6100000E8C8A1B051CB58C0D57057D030DA3240
415,Sucursal,19.40077865,-99.13663817,11A579,0101000020E610000042E205AEBEC858C05EAFFA6D99663340
416,Sucursal,19.2846934,-99.62005313,11A579,0101000020E61000007AC852F3AEE758C01563AAAAE1483340
417,Sucursal,19.58960004,-99.2945716,11A579,0101000020E61000002415D742DAD258C032853907F0963340
418,Sucursal,19.71754593,-103.4550535,11A579,0101000020E6100000A80EE2981FDD59C058BA0E17B1B73340
419,Sucursal,20.21342406,-101.1302789,11A579,0101000020E610000015AA7A7D564859C02AE18DF5A2363440
420,Sucursal,25.57818361,-103.5156089,11A579,0101000020E6100000D1B4A3BCFFE059C0810850D703943940
421,Sucursal,20.62598096,-87.07292523,11A579,0101000020E6100000CF7995CEAAC455C0621EC74940A03440
422,Sucursal,21.08177079,-101.6584315,11A579,0101000020E61000001DBD0ABE236A59C06ED134EEEE143540
423,Sucursal,20.67416098,-101.3507395,11A579,0101000020E61000005D372184725659C0DD5661D095AC3440
424,Sucursal,19.46958563,-99.07446067,11A579,0101000020E61000003F9FAFF6C3C458C085858BC336783340
425,Sucursal,23.44959762,-110.2234668,11A579,0101000020E61000005B7C86474D8E5BC06A4262D418733740
426,Sucursal,20.81792385,-105.1888898,11A579,0101000020E6100000A1DC53C5164C5AC0505E1A7563D13440
427,Sucursal,19.61378104,-98.12753377,11A579,0101000020E610000047D26683298858C072B415C1209D3340
428,Sucursal,18.88241117,-96.91976701,11A579,0101000020E6100000F1F87276DD3A58C06DC6CCB2E5E13240
429,Sucursal,24.10977787,-110.3009438,11A579,0101000020E61000005535DEA942935BC07B7909671A1C3840
430,Sucursal,19.74621848,-89.85041846,11A579,0101000020E610000057678C416D7656C055459F2C08BF3340
431,Sucursal,15.82858608,-96.3207975,11A579,0101000020E6100000DEC83CF2871458C0AB0A476F3CA82F40
432,Sucursal,25.86246255,-97.51324441,11A579,0101000020E610000082F314FFD86058C057467E58CADC3940
433,Sucursal,20.50548233,-86.93455363,11A579,0101000020E6100000514D07BACFBB55C04E0E3C4A67813440
434,Sucursal,19.54553164,-99.06935549,11A579,0101000020E61000004756025270C458C0B6BB28F6A78B3340
435,Sucursal,18.1484227,-94.42799611,11A579,0101000020E6100000F9D0CB49649B57C0E87BB207FF253240
436,Sucursal,25.70699414,-100.3272612,11A579,0101000020E61000001620C0D8F11459C07EC36591FDB43940
437,Sucursal,20.01865721,-98.63546863,11A579,0101000020E6100000F9DE9D84ABA858C0DCC80AB8C6043440
438,Sucursal,21.84762419,-102.7183405,11A579,0101000020E610000054FC634AF9AD59C037591FE6FDD83540
439,Sucursal,23.71854588,-99.13454271,11A579,0101000020E610000060D706599CC858C08A466F9FF2B73740
440,Sucursal,25.7733217,-100.3810047,11A579,0101000020E61000009B449461621859C081C93269F8C53940
441,Sucursal,22.86167164,-102.6148028,11A579,0101000020E6100000DE58EDED58A759C0D1B0398396DC3640
442,Sucursal,19.57913149,-99.22962156,11A579,0101000020E610000004AAA01EB2CE58C03EA219F641943340
443,Sucursal,20.57934622,-103.3699239,11A579,0101000020E610000001A735D5ACD759C013F6AB0850943440
444,Sucursal,19.28331567,-98.43915703,11A579,0101000020E6100000256A16261B9C58C02618316087483340
445,Sucursal,18.99228735,-98.24983778,11A579,0101000020E6100000EF999957FD8F58C0097C348B06FE3240
446,Sucursal,20.11027535,-98.7162377,11A579,0101000020E6100000626AA6D6D6AD58C011CE5D013B1C3440
447,Sucursal,19.84797615,-90.53331402,11A579,0101000020E61000007E9920D121A256C0BA0908F714D93340
448,Sucursal,19.33797013,-99.14433465,11A579,0101000020E61000007F5B66C73CC958C0F75FDF3585563340
449,Sucursal,19.35519499,-99.25808437,11A579,0101000020E610000090304E7484D058C0C8C0110FEE5A3340
450,Sucursal,28.27136775,-105.4826084,11A579,0101000020E6100000417B370EE35E5AC069705B5B78453C40
451,Sucursal,24.01797046,-104.6179622,11A579,0101000020E6100000A0BD7EB18C275AC07CFE49B699043840
452,Sucursal,16.33005273,-95.227168,11A579,0101000020E6100000A8ACA6EB89CE57C0364EF1557E543040
453,Sucursal,19.83880412,-90.52561361,11A579,0101000020E6100000145244A7A3A156C06A26E7DDBBD63340
454,Sucursal,20.9400996,-101.4264234,11A579,0101000020E6100000B90C6A854A5B59C091FB0C5EAAF03440
455,Sucursal,19.46633099,-99.1665049,11A579,0101000020E6100000EC072B04A8CA58C04B29BF7761773340
456,Sucursal,18.4594329,-99.41009885,11A579,0101000020E610000024383F0F3FDA58C0D93400659D753240
457,Sucursal,18.92781177,-99.23472108,11A579,0101000020E6100000099290AB05CF58C06FFE781285ED3240
458,Sucursal,20.74148464,-103.429958,11A579,0101000020E6100000F21CBA6E84DB59C04D49F7EFD1BD3440
459,Sucursal,18.63452464,-99.21170753,11A579,0101000020E6100000AF6ABD9D8CCD58C0614EF13470A23240
460,Sucursal,19.05741546,-98.26744817,11A579,0101000020E61000009AE1EDDE1D9158C01CFC92C7B20E3340
461,Sucursal,29.32370801,-100.9972758,11A579,0101000020E610000002D6AA5DD33F59C03B673487DE523D40
462,Sucursal,20.72978338,-103.4388448,11A579,0101000020E610000060F4AA0816DC59C0AC436615D3BA3440
463,Sucursal,19.07891774,-98.3100847,11A579,0101000020E61000005C5F7F6DD89358C0CE5FF8F333143340
464,Sucursal,21.6765368,-102.5881978,11A579,0101000020E6100000BA6E4208A5A559C05E8A068431AD3540
465,Sucursal,25.37724488,-101.0068004,11A579,0101000020E61000009A29E76A6F4059C0F62ED61E93603940
466,Sucursal,19.5245976,-99.06639214,11A579,0101000020E6100000BC80D1C43FC458C0638F3F074C863340
467,Sucursal,19.29693908,-99.13544357,11A579,0101000020E6100000A0E6811BABC858C01C811533044C3340
468,Sucursal,18.64446829,-91.80764157,11A579,0101000020E610000091824466B0F356C0EADBB4DFFBA43240
469,Sucursal,18.17834727,-93.06297285,11A579,0101000020E61000004CD246BF074457C01BFBAB2AA82D3240
470,Sucursal,19.50034449,-99.03984595,11A579,0101000020E6100000320807D68CC258C0A748959316803340
471,Sucursal,19.48667338,-99.1140809,11A579,0101000020E61000004AA6F9194DC758C00CEF6AA0967C3340
472,Sucursal,18.47856958,-100.9827135,11A579,0101000020E61000009DF529C7E43E59C0E0F53689837A3240
473,Sucursal,19.09680936,-98.18217923,11A579,0101000020E610000012B712D3A88B58C08E258B7FC8183340
474,Sucursal,19.38814476,-98.99834124,11A579,0101000020E61000001403A8D2E4BF58C053507A745D633340
475,Sucursal,16.8725041,-99.88600379,11A579,0101000020E6100000A78B3D49B4F858C03D20BF6D5CDF3040
476,Sucursal,18.09639366,-96.1485377,11A579,0101000020E610000046EE44A4810958C0E33D4141AD183240
477,Sucursal,20.68503565,-103.3075149,11A579,0101000020E610000050E5EE52AED359C01758117F5EAF3440
478,Sucursal,25.66534132,-100.4008932,11A579,0101000020E61000008652DE3BA81959C0D5130ACF53AA3940
479,Sucursal,19.58546056,-98.4262556,11A579,0101000020E6100000296F91C5479B58C0404C46BEE0953340
480,Sucursal,19.42204877,-99.07265658,11A579,0101000020E61000001CBCC867A6C458C08F7760630B6C3340
481,Sucursal,19.4409363,-99.13912677,11A579,0101000020E61000007BC9F773E7C858C0871E8C33E1703340
482,Sucursal,17.05514351,-96.06460379,11A579,0101000020E6100000DA4FEF77220458C0620994E21D0E3140
483,Sucursal,17.2708552,-97.67795035,11A579,0101000020E6100000F463DD89636B58C098F331C456453140
484,Sucursal,19.42842511,-99.13448114,11A579,0101000020E6100000A58EC8569BC858C0363C9C44AD6D3340
485,Sucursal,23.25936787,-106.4628689,11A579,0101000020E6100000B138D6A49F9D5AC07E48C7EE65423740
486,Sucursal,16.81826741,-96.79695007,11A579,0101000020E610000079CCDD3A013358C0275515F979D13040
487,Sucursal,25.69301264,-100.2422055,11A579,0101000020E61000008C9D744B800F59C0BE83C04669B13940
488,Sucursal,15.69388137,-92.61989077,11A579,0101000020E6100000810F564AAC2757C048E83E6B44632F40
489,Sucursal,20.6722052,-103.3854763,11A579,0101000020E610000067859EA4ABD859C07E33D6A315AC3440
490,Sucursal,31.86818865,-116.6238673,11A579,0101000020E6100000955F2771ED275DC02682829C41DE3F40
491,Sucursal,20.61698507,-100.4694911,11A579,0101000020E6100000B81D3B240C1E59C030C5C9BBF29D3440
492,Sucursal,22.00664809,-99.01293053,11A579,0101000020E610000014DE92DAD3C058C0802171B0B3013640
493,Sucursal,20.37365292,-90.04999636,11A579,0101000020E61000009EC7EE23338356C07574BFB7A75F3440
494,Sucursal,19.43179125,-99.09897926,11A579,0101000020E6100000AA2B1BAD55C658C0EF7211DF896E3340
495,Sucursal,19.10459174,-96.11201284,11A579,0101000020E61000000E22E7372B0758C053BB3686C61A3340
496,Sucursal,25.78237397,-100.3053171,11A579,0101000020E610000054CDE6508A1359C0456416A949C83940
497,Sucursal,19.28189646,-98.43560821,11A579,0101000020E61000006CF44101E19B58C0E48ECC5D2A483340
498,Sucursal,32.28194445,-117.0352778,11A579,0101000020E6100000CF94C6FD41425DC0F40478C116244040
499,Sucursal,20.53657222,-100.8062562,11A579,0101000020E61000006789A5B3993359C095D708CC5C893440
500,Sucursal,20.93452578,-101.4230838,11A579,0101000020E6100000405433CE135B59C0705EDE143DEF3440
